SIREN,Company_Name,Type_Bilan,Fiscal_Year,Date_Cloture,Total_Actif_EUR,Actif_Immobilise_EUR,Actif_Circulant_EUR,Capitaux_Propres_EUR,Provisions_Risques_Charges_EUR,Total_Dettes_EUR,Chiffre_Affaires_EUR,Resultat_Net_EUR,Provisions_Techniques_Brutes_EUR,Bilan_Saisi_Id,Status
410241657,ARIAL CNP ASSURANCES,A,2024,31/12/2024,21536966629,,,439137563,,,,11561853,13082708069,68dbe268d98c2eca200e011b,ok
335306445,CAISSE FRATERNELLE D EPARGNE,A,2024,31/12/2024,27379000,,,18070000,,,,217000,8459000,68ef5543c83c2b9dee08e543,ok
455500868,NEXIMMO 135,C,2024,31/12/2024,9217874,4989425,4228449,9033937,,183937,95190,125234,,688343da6ca470a724053133,ok
301099537,AMMEGA FRANCE SAS,C,2024,31/12/2024,16758887,2711919,14046968,2923504,1083109,12752274,33974637,424922,,69c69ca1e81ee3cdde04b515,ok
312668692,AUCHAN RETAIL AGRO,C,2024,31/12/2024,264315500,40007850,224307650,26479122,1936019,235900359,1464505856,1505051,,68722006300164ba0d0877c5,ok
314360041,AFIBEL,C,2024,30/06/2024,27342154,8642621,18516024,12450401,258029,14632689,53633373,601853,,67a5d0a51090a6af9a05f1ed,ok
303527154,YGNIS INDUSTRIE,C,2024,31/12/2024,25930085,7335505,18594515,10850270,65,15069013,34303954,-2456049,,691c368029d7281b2f08547f,ok
379812134,FRATECO,C,2022,31/12/2022,626530,213188,413342,235556,,390974,871811,134591,,66c05b3511d4a600f2033b23,ok
401315999,ENTREPOSE INDUSTRIES,C,2024,31/12/2024,3127032,1712189,1414843,-7825073,526845,10425260,4750889,-3001803,,6824a2896bf4d310f60f01d5,ok
424323921,SOFTTHINKS,C,2025,30/06/2025,1353401,712686,640715,936816,0,416585,947136,-35026,,6a003bb922ef8190b4036fff,ok
433683216,PROSYST,C,2024,31/12/2024,5134094,68301,5065792,4054342,274300,495250,2316838,206118,,68970ab5f00ecbf657092fbf,ok
445009798,KINGFISHER INFORMATION TECHNOLOGY SERVICES (FRANCE),C,2025,31/01/2025,53510408,12759015,40751187,41712498,691057,11106847,42314970,3356388,,688dcc2c86ac5f283f0a1fff,ok
305507303,LIONOR,C,2025,28/02/2025,22241612,14512665,7728946,14037891,196306,8007414,59154688,1280685,,689af5c9b13b3178e40a065f,ok
317586907,CARGILL HAUBOURDIN SAS,C,2025,31/05/2025,59400631,24821724,34578907,-81642253,6197933,134844951,90195307,-18382797,,69a00dc48f2960ac1002eb07,ok
333144889,SOURCES DU COL ST JEAN,C,2024,31/12/2024,13894340,2944942,10949398,12220667,100257,1573415,9587013,1462876,,6916f294206db350010aae8a,ok
316917392,BOONE COMENOR METALIMPEX,C,2024,31/12/2024,131422057,27304378,104117679,79248247,3341187,48832643,171171106,9437145,,manual_pdf_extraction,ok_manual_from_pdf
